NA2O(WT%),MGO(WT%),AL2O3(WT%),SIO2(WT%),P2O5(WT%),K2O(WT%),CAO(WT%),TIO2(WT%),MNO(WT%),FEOT(WT%),RB(PPM),V(PPM),CR(PPM),CO(PPM),NI(PPM),BA(PPM),SR(PPM),Y(PPM),ZR(PPM),NB(PPM),LA(PPM),CE(PPM),PR(PPM),ND(PPM),SM(PPM),EU(PPM),GD(PPM),TB(PPM),DY(PPM),HO(PPM),ER(PPM),YB(PPM),LU(PPM),HF(PPM),TA(PPM),TH(PPM),TECTONIC SETTING
78,163,199,128,153,165,202,38,84,36,188,119,154,146,101,86,196,41,17,25,119,116,109,119,57,44,30,20,16,20,17,15,14,9,48,95,BACK-ARC_BASIN
89,165,178,163,80,111,196,51,81,38,74,137,186,98,174,59,127,60,37,23,39,36,32,37,34,32,29,30,28,29,34,42,39,20,16,77,BACK-ARC_BASIN
71,106,43,232,52,13,183,116,167,227,76,174,130,121,218,89,28,181,95,93,71,59,69,86,83,66,75,87,122,142,152,166,183,97,94,156,BACK-ARC_BASIN
186,92,241,246,116,54,199,133,17,49,126,123,207,26,151,173,60,204,189,148,127,130,85,115,120,115,84,110,117,126,147,131,182,148,111,135,BACK-ARC_BASIN
152,112,131,236,72,109,150,80,167,95,128,156,110,102,90,76,56,186,80,66,70,73,66,81,86,66,83,99,127,147,163,182,188,82,75,133,BACK-ARC_BASIN
111,122,155,135,61,95,230,98,29,28,120,77,202,102,153,60,86,171,107,72,53,56,46,62,77,79,81,81,123,144,161,164,173,85,60,146,BACK-ARC_BASIN
109,206,191,121,15,23,203,69,90,37,71,66,223,151,199,42,55,116,74,69,45,49,30,53,49,61,116,100,153,147,191,169,177,67,59,84,BACK-ARC_BASIN
56,200,93,189,49,27,186,69,86,50,10,150,159,135,132,6,4,130,32,14,7,9,11,15,19,20,37,52,73,102,111,171,174,24,12,9,BACK-ARC_BASIN
9,209,162,228,8,37,233,9,29,27,66,146,209,10,158,89,45,61,34,78,63,43,63,64,61,51,62,65,96,116,127,141,159,83,82,144,BACK-ARC_BASIN
161,225,166,102,22,32,219,92,128,53,81,80,188,99,194,82,70,99,98,92,72,57,65,80,76,65,72,73,107,120,135,134,152,96,94,144,BACK-ARC_BASIN
167,104,196,135,72,98,140,93,29,18,84,21,174,76,157,50,93,116,96,125,50,61,40,51,67,68,50,67,120,139,109,125,100,89,97,52,BACK-ARC_BASIN
105,125,141,105,140,101,166,168,128,115,104,106,161,93,162,58,52,216,132,127,99,87,62,124,106,130,107,152,175,176,224,221,185,39,84,67,BACK-ARC_BASIN
215,108,161,95,105,128,137,153,17,65,139,105,146,138,127,89,68,179,150,130,98,92,74,98,103,88,78,92,117,128,136,142,170,116,96,138,BACK-ARC_BASIN
77,214,234,120,84,119,179,28,80,29,174,6,146,136,239,48,99,103,41,26,33,25,20,20,23,26,31,40,49,62,87,127,122,23,19,31,BACK-ARC_BASIN
98,177,75,149,40,23,213,138,128,141,44,130,180,124,140,36,33,223,101,37,11,35,44,59,77,78,131,138,202,190,243,237,240,94,57,109,BACK-ARC_BASIN
238,80,226,151,140,117,149,133,29,14,60,38,92,38,45,97,177,134,180,119,133,138,133,138,136,141,116,126,105,107,105,113,133,151,109,73,BACK-ARC_BASIN
33,161,127,208,6,23,230,44,156,68,70,132,189,74,157,85,42,88,43,68,67,44,67,71,62,51,64,69,97,124,123,139,160,83,89,160,BACK-ARC_BASIN
42,250,74,147,61,128,161,37,127,60,204,139,57,195,84,18,17,69,19,8,3,5,4,6,13,14,19,24,39,59,73,104,96,15,7,4,BACK-ARC_BASIN
121,169,89,128,140,59,172,169,128,136,37,157,170,57,164,28,34,182,126,83,27,30,28,34,40,44,51,82,85,112,118,142,133,72,92,59,BACK-ARC_BASIN
194,53,187,193,125,122,166,131,128,98,105,182,3,64,23,101,115,182,145,44,98,94,76,102,109,98,96,113,132,146,161,182,191,112,82,149,BACK-ARC_BASIN
101,175,160,127,15,8,246,77,54,51,72,89,188,98,157,78,60,101,83,85,67,54,65,75,68,60,70,71,102,121,136,131,164,92,92,159,BACK-ARC_BASIN
40,191,146,213,15,46,251,31,54,37,66,170,223,57,107,87,118,65,38,67,75,46,65,67,61,55,63,63,95,116,123,121,142,82,86,152,BACK-ARC_BASIN
101,152,194,246,105,124,188,74,29,7,126,69,161,65,147,103,106,106,101,112,96,84,74,86,71,70,75,76,100,121,130,128,156,94,91,139,BACK-ARC_BASIN
32,189,164,76,105,137,189,39,54,39,141,70,189,80,151,106,129,37,38,79,85,71,42,41,33,37,23,21,19,20,25,35,33,21,57,80,BACK-ARC_BASIN
105,164,87,205,125,5,245,88,90,174,98,128,164,115,210,87,48,138,104,104,78,67,71,86,77,67,73,82,111,130,143,150,176,98,96,162,BACK-ARC_BASIN
155,158,155,142,72,92,189,106,5,26,66,62,191,107,155,61,74,171,120,44,14,27,34,48,71,101,73,67,121,132,157,156,187,86,33,25,BACK-ARC_BASIN
115,159,220,195,61,112,219,42,17,2,96,19,150,115,208,58,109,92,91,44,81,63,61,66,58,67,66,77,92,117,122,128,148,80,25,58,BACK-ARC_BASIN
83,117,109,158,69,88,185,109,158,145,98,161,17,117,142,66,34,141,72,53,22,23,31,28,36,27,41,37,88,109,120,146,220,30,23,20,BACK-ARC_BASIN
88,109,116,147,116,67,187,127,128,85,100,111,154,91,115,97,65,175,129,114,87,81,73,91,88,69,75,85,113,131,134,143,165,102,99,142,BACK-ARC_BASIN
252,136,255,136,116,112,7,98,215,60,66,33,205,85,215,42,158,65,140,17,106,111,75,88,92,90,76,98,102,116,127,121,170,121,84,124,BACK-ARC_BASIN
4,66,252,65,4,28,253,3,90,53,36,123,132,187,15,63,89,1,1,7,57,36,71,54,49,83,47,192,71,114,102,115,141,64,75,112,BACK-ARC_BASIN
138,175,132,179,61,37,184,133,54,110,9,58,170,142,185,3,40,182,124,32,30,51,46,95,122,132,121,165,161,227,220,236,234,40,53,68,BACK-ARC_BASIN
140,152,176,66,105,112,209,116,54,63,135,7,149,145,140,90,108,132,129,119,97,81,73,88,83,74,71,81,110,121,134,127,145,106,101,137,BACK-ARC_BASIN
34,168,123,220,32,22,232,51,125,69,28,124,210,139,200,26,13,99,34,10,9,12,13,16,19,17,29,36,53,80,86,124,127,24,9,11,BACK-ARC_BASIN
97,83,132,122,81,130,185,80,83,46,116,108,163,144,124,36,20,49,45,109,49,61,30,27,22,22,27,36,46,80,83,108,104,39,104,63,BACK-ARC_BASIN
144,82,97,228,116,157,112,131,29,102,160,90,159,112,192,106,89,179,139,161,124,121,111,121,135,137,132,144,171,209,193,200,188,137,144,104,BACK-ARC_BASIN
52,242,138,62,61,37,115,72,29,44,44,59,209,225,229,46,55,121,82,17,14,56,39,45,57,78,60,35,90,105,126,119,159,47,38,119,BACK-ARC_BASIN
123,144,135,83,105,88,232,158,167,110,63,153,146,147,95,69,50,18,39,84,50,51,46,51,31,19,23,26,29,27,16,22,33,27,49,34,BACK-ARC_BASIN
111,194,115,84,4,3,209,97,195,153,86,136,184,137,219,81,49,119,100,94,72,53,65,80,76,64,71,79,110,127,140,146,170,97,95,154,BACK-ARC_BASIN
130,160,176,116,84,37,195,104,29,30,44,58,178,178,181,33,71,171,115,72,14,69,46,62,97,118,91,122,128,152,164,166,191,108,59,119,BACK-ARC_BASIN
160,151,164,115,100,114,174,123,53,31,165,86,197,245,189,4,56,210,124,119,82,84,71,91,95,93,84,110,133,144,196,184,201,101,96,119,BACK-ARC_BASIN
175,229,148,198,105,115,115,82,17,18,105,18,202,10,225,91,115,102,132,131,111,104,54,69,80,98,54,88,101,98,131,144,117,92,84,69,BACK-ARC_BASIN
172,78,151,207,116,67,139,133,239,87,101,139,146,100,134,111,80,170,143,118,89,86,72,93,99,80,81,88,116,137,138,142,165,107,99,138,BACK-ARC_BASIN
111,213,92,127,52,37,209,1,167,108,80,109,207,113,209,91,53,77,78,87,82,51,69,80,69,66,68,115,102,120,125,145,154,91,91,149,BACK-ARC_BASIN
39,197,148,186,49,66,205,32,48,44,36,104,154,96,118,53,55,49,10,5,9,7,5,9,11,17,18,28,23,35,44,42,133,8,5,15,BACK-ARC_BASIN
101,230,148,91,105,163,126,49,28,2,145,79,187,134,202,122,126,76,89,133,112,92,76,89,73,70,68,70,97,115,121,118,149,90,93,133,BACK-ARC_BASIN
117,68,87,242,52,84,126,65,128,150,57,202,37,185,63,56,74,92,45,17,23,22,32,35,39,37,42,77,102,69,152,207,210,19,38,213,BACK-ARC_BASIN
55,52,230,67,84,54,255,31,10,63,58,119,65,147,97,13,125,130,26,13,52,21,25,35,34,38,41,47,53,76,93,100,104,18,13,13,BACK-ARC_BASIN
140,102,171,136,116,184,160,119,54,54,141,141,146,159,136,56,75,210,118,146,104,107,74,104,101,97,82,110,135,145,207,179,192,110,128,133,BACK-ARC_BASIN
107,108,176,165,84,107,220,76,5,31,86,137,29,136,71,56,108,134,87,72,53,111,64,71,72,72,83,81,105,130,140,158,174,83,76,235,BACK-ARC_BASIN
138,180,122,129,67,79,182,88,77,41,66,103,229,183,215,5,28,159,63,44,26,27,28,26,45,50,68,144,112,148,165,182,192,48,33,87,BACK-ARC_BASIN
81,175,180,54,61,117,235,104,167,121,127,111,171,179,180,94,98,118,102,105,88,73,72,85,75,65,70,77,103,123,136,131,153,95,99,139,BACK-ARC_BASIN
154,151,144,135,40,149,192,156,54,68,165,48,174,39,130,134,108,170,132,185,154,138,123,142,126,106,105,120,154,151,141,166,160,131,157,128,BACK-ARC_BASIN
109,230,172,146,83,117,171,70,78,40,97,27,247,124,243,97,114,49,76,97,64,52,36,35,29,24,21,18,19,22,27,31,27,38,74,56,BACK-ARC_BASIN
134,67,155,165,125,122,219,114,90,70,141,131,119,149,45,73,102,193,120,83,53,94,66,90,93,90,83,104,130,149,164,172,184,99,83,176,BACK-ARC_BASIN
140,168,232,223,116,107,199,76,29,2,94,46,225,52,233,75,141,112,102,119,103,95,70,74,69,56,62,74,71,76,87,102,104,75,100,84,BACK-ARC_BASIN
10,176,218,65,72,124,249,20,128,44,134,155,182,186,111,53,187,25,16,14,86,66,59,76,45,34,29,24,16,37,16,25,31,13,33,60,BACK-ARC_BASIN
94,90,26,223,52,13,138,116,215,209,9,232,51,235,63,11,5,182,77,27,28,40,60,68,88,79,89,113,138,174,180,208,226,77,64,146,BACK-ARC_BASIN
132,114,149,123,58,115,185,97,10,36,155,139,166,68,58,95,92,131,118,105,90,83,71,89,84,74,72,72,110,129,135,140,155,97,97,141,BACK-ARC_BASIN
183,147,96,133,140,74,121,186,29,160,126,113,152,136,172,98,75,196,164,142,99,84,79,103,108,90,81,99,124,131,140,141,178,128,105,151,BACK-ARC_BASIN
78,126,226,184,125,122,137,42,167,53,105,149,168,10,114,101,181,53,63,119,64,56,42,36,22,22,27,17,37,45,55,26,27,16,49,58,BACK-ARC_BASIN
114,151,107,148,69,53,193,88,74,35,21,128,189,220,155,30,14,134,45,44,30,2,31,39,49,60,57,80,99,131,152,167,192,55,34,119,BACK-ARC_BASIN
136,166,86,165,40,77,199,116,128,112,114,93,129,80,65,76,63,170,87,124,89,61,61,67,54,33,63,95,135,150,141,188,182,81,97,122,BACK-ARC_BASIN
48,99,177,209,60,106,177,31,158,68,91,204,27,35,22,108,63,35,13,6,18,18,14,16,14,15,19,19,22,27,33,61,75,13,6,22,BACK-ARC_BASIN
68,1,94,210,84,51,166,110,90,222,97,141,135,97,149,110,58,168,107,104,77,73,73,85,85,70,76,84,111,138,144,152,178,99,95,153,BACK-ARC_BASIN
176,136,160,146,105,124,172,128,88,48,140,148,194,108,208,108,107,182,155,103,91,98,94,102,107,92,102,118,131,169,180,197,185,117,77,64,BACK-ARC_BASIN
170,99,33,241,61,74,125,124,215,188,105,86,66,152,41,46,30,199,112,76,58,66,62,82,91,73,80,96,130,149,156,179,188,97,90,146,BACK-ARC_BASIN
111,115,58,143,133,28,154,168,54,217,102,128,136,108,201,91,52,196,146,133,89,79,77,100,101,87,81,99,125,135,148,156,181,119,103,154,BACK-ARC_BASIN
113,120,170,134,61,54,201,85,90,36,89,77,167,79,122,88,75,119,110,95,82,65,67,83,77,72,77,77,104,126,134,136,158,96,91,145,BACK-ARC_BASIN
132,227,221,59,22,3,201,110,90,99,92,67,186,162,210,84,73,106,118,98,84,54,65,81,77,66,70,78,108,125,142,134,161,99,100,147,BACK-ARC_BASIN
92,224,237,65,185,182,131,181,10,1,176,57,173,159,180,124,147,147,155,165,130,106,88,111,99,91,81,96,112,120,131,113,149,128,115,140,BACK-ARC_BASIN
169,102,203,153,125,168,105,69,17,14,120,60,144,185,179,98,118,159,82,162,115,108,75,96,84,79,78,85,112,125,130,137,155,92,141,128,BACK-ARC_BASIN
166,35,160,142,147,117,220,149,90,101,132,133,94,147,54,46,75,216,132,72,107,82,92,112,127,153,104,159,143,163,197,198,219,139,98,119,BACK-ARC_BASIN
213,37,155,151,116,158,113,167,215,43,147,131,125,106,107,115,108,179,157,138,105,101,80,101,106,96,84,97,117,131,135,136,158,121,100,139,BACK-ARC_BASIN
35,222,130,172,6,2,247,33,123,74,9,102,228,145,174,6,5,99,26,10,6,8,9,12,15,17,29,35,53,74,90,132,139,21,8,8,BACK-ARC_BASIN
130,131,192,135,140,142,126,82,167,83,137,198,110,155,103,75,132,92,72,70,71,48,48,49,44,61,46,49,39,77,53,66,76,55,83,111,BACK-ARC_BASIN
3,126,146,229,4,81,239,1,90,66,90,106,224,76,154,96,76,50,29,71,76,45,72,73,61,54,63,112,91,123,117,131,151,81,87,153,BACK-ARC_BASIN
101,155,162,135,40,122,222,145,29,66,120,64,201,152,203,107,101,157,133,124,99,81,73,92,82,73,71,77,112,124,140,126,141,109,102,144,BACK-ARC_BASIN
31,193,108,200,31,12,231,60,189,120,24,175,198,129,150,16,8,151,47,22,11,15,16,20,25,24,50,70,108,143,163,192,204,35,15,12,BACK-ARC_BASIN
192,160,209,92,52,67,184,113,54,37,36,26,136,97,74,36,111,171,134,57,54,72,84,92,106,120,89,122,127,150,165,172,145,122,49,30,BACK-ARC_BASIN
86,214,186,100,116,32,209,93,3,87,98,75,177,114,179,80,73,99,106,103,85,71,69,85,77,68,73,73,104,120,134,126,157,96,97,152,BACK-ARC_BASIN
88,39,252,237,105,168,169,17,10,49,171,94,67,79,70,150,175,37,48,47,122,106,60,68,42,37,24,21,14,17,22,31,33,27,33,109,BACK-ARC_BASIN
199,55,48,178,116,107,127,187,246,223,115,174,117,136,170,108,80,207,158,137,94,88,81,101,111,94,86,108,129,144,149,160,192,129,102,149,BACK-ARC_BASIN
148,95,180,237,61,112,189,98,54,4,86,49,202,10,191,61,109,156,124,143,93,85,63,79,76,89,82,84,111,133,145,139,154,100,64,55,BACK-ARC_BASIN
127,79,182,135,125,54,196,141,239,114,21,175,135,185,53,78,68,210,143,99,107,94,62,100,107,103,90,119,138,151,188,190,204,121,94,137,BACK-ARC_BASIN
4,81,239,98,15,41,228,10,195,65,44,153,115,175,20,75,91,3,2,9,64,33,67,53,48,78,47,202,71,110,100,118,152,51,48,87,BACK-ARC_BASIN
113,148,167,134,147,133,148,155,90,101,119,92,195,120,249,118,74,127,137,176,140,140,126,122,119,82,118,136,147,150,155,201,183,152,158,103,BACK-ARC_BASIN
185,220,159,71,22,37,214,92,167,42,86,94,188,141,199,85,73,98,98,95,74,56,65,81,78,66,72,73,106,121,136,134,151,98,91,140,BACK-ARC_BASIN
61,179,106,169,52,8,222,107,167,151,75,138,171,111,210,83,35,150,83,89,68,53,67,77,73,59,71,78,109,133,141,148,172,90,95,162,BACK-ARC_BASIN
81,81,142,180,40,51,211,144,128,102,57,124,84,57,65,65,29,196,113,59,50,55,63,85,83,65,72,89,123,141,158,169,189,102,87,143,BACK-ARC_BASIN
162,91,115,180,116,139,112,133,29,97,137,93,159,113,191,85,97,189,146,163,122,121,111,121,137,137,136,148,177,217,206,203,192,140,144,105,BACK-ARC_BASIN
40,252,79,141,48,22,178,57,87,50,8,139,187,213,155,3,17,127,30,10,6,8,9,12,16,17,23,32,62,81,106,161,133,20,8,6,BACK-ARC_BASIN
57,170,99,190,22,13,227,118,3,150,74,111,176,99,215,85,37,143,75,91,66,51,64,78,73,53,68,80,112,136,139,145,174,90,97,166,BACK-ARC_BASIN
96,208,144,95,40,13,237,87,128,103,14,124,209,98,153,11,11,167,60,29,16,19,22,28,44,42,87,105,154,176,213,224,215,54,18,13,BACK-ARC_BASIN
77,227,153,89,32,54,159,134,128,147,73,35,221,185,232,51,87,21,83,114,84,86,65,66,48,39,36,28,24,25,18,16,13,70,95,53,BACK-ARC_BASIN
159,37,192,195,95,98,176,93,54,39,117,30,179,155,159,49,98,134,101,128,68,68,46,60,88,95,79,94,130,157,128,153,119,87,104,62,BACK-ARC_BASIN
189,229,156,223,133,137,113,80,17,23,150,95,237,68,237,134,163,169,178,129,141,136,106,106,100,111,59,88,80,93,118,119,117,92,57,106,BACK-ARC_BASIN
62,195,190,85,133,152,85,72,128,76,141,176,114,189,162,98,129,92,67,86,106,91,77,89,71,60,68,72,90,109,118,117,140,84,86,129,BACK-ARC_BASIN
20,19,253,219,15,81,236,2,29,58,66,124,98,75,11,110,100,5,4,11,82,43,77,59,50,60,49,112,70,115,97,111,132,65,77,125,BACK-ARC_BASIN
146,173,172,75,61,28,212,135,195,97,90,113,175,136,161,84,72,151,130,106,78,67,69,89,88,75,78,81,114,127,146,135,154,104,100,145,BACK-ARC_BASIN
22,133,174,172,80,104,201,64,90,76,111,147,7,13,60,108,96,129,64,62,30,24,30,26,30,21,34,26,63,78,81,58,104,20,23,24,BACK-ARC_BASIN
30,242,162,92,22,101,223,23,81,26,97,115,216,156,197,141,128,36,46,83,97,71,43,41,27,28,21,25,18,49,19,27,43,38,91,111,BACK-ARC_BASIN
22,119,44,212,52,28,189,161,195,218,79,181,142,133,219,94,31,197,98,112,71,55,73,91,87,71,78,93,121,138,146,161,182,107,96,154,BACK-ARC_BASIN
158,72,191,185,146,171,140,84,191,72,158,240,10,16,46,174,171,126,59,57,150,135,110,117,93,89,56,67,74,81,102,153,175,46,33,161,BACK-ARC_BASIN
42,196,111,221,8,71,249,56,29,57,69,90,204,100,165,48,57,98,63,49,42,45,35,43,44,42,58,72,96,115,141,182,145,47,34,32,BACK-ARC_BASIN
17,18,252,217,15,81,228,3,54,61,66,128,97,97,12,82,100,6,5,9,77,42,77,58,49,58,49,63,71,115,98,115,131,64,75,123,BACK-ARC_BASIN
152,143,218,231,72,74,197,76,42,6,96,42,184,84,221,93,96,92,109,115,98,76,69,80,67,71,68,79,100,121,126,133,141,96,101,126,BACK-ARC_BASIN
84,56,237,111,171,186,142,21,195,87,212,70,82,77,71,140,193,42,53,99,138,131,94,107,70,70,61,77,77,112,102,107,130,86,73,133,BACK-ARC_BASIN
128,136,181,164,124,143,162,109,53,15,132,72,197,8,144,132,134,107,128,149,142,142,123,108,83,68,55,36,70,71,77,42,54,94,146,122,BACK-ARC_BASIN
57,143,52,207,116,8,169,88,90,201,93,137,140,111,218,90,43,134,81,104,77,64,72,82,78,65,75,84,113,133,145,157,181,92,94,158,BACK-ARC_BASIN
192,29,224,134,95,95,240,117,29,23,105,79,172,77,60,75,132,147,155,44,111,145,97,109,109,105,84,101,120,127,139,140,158,120,86,143,BACK-ARC_BASIN
66,193,94,124,15,8,228,49,90,81,9,114,122,228,166,14,6,78,40,11,7,6,20,20,21,22,26,34,64,51,105,153,145,11,29,176,BACK-ARC_BASIN
121,169,91,100,140,59,174,169,128,148,76,141,169,68,164,36,38,239,132,89,46,66,68,124,122,120,131,158,202,199,241,241,238,127,84,112,BACK-ARC_BASIN
109,172,166,105,61,95,138,77,17,22,165,59,196,222,210,65,80,92,82,99,83,94,63,73,69,69,70,66,97,115,125,131,144,80,80,119,BACK-ARC_BASIN
246,57,208,241,105,124,113,116,54,24,64,68,21,27,30,103,170,107,143,99,116,117,112,119,112,104,79,110,77,85,89,101,104,128,77,74,BACK-ARC_BASIN
130,145,105,160,163,104,172,163,167,103,127,132,158,102,138,100,85,192,152,137,99,92,83,104,103,88,80,92,118,132,137,143,160,121,103,145,BACK-ARC_BASIN
81,124,78,245,32,17,160,90,167,165,44,233,49,124,50,37,7,170,67,60,49,49,64,75,78,63,78,88,126,151,162,184,198,90,84,155,BACK-ARC_BASIN
155,122,134,224,61,98,163,77,128,88,127,162,124,110,101,78,53,188,84,39,64,66,65,79,83,65,84,98,126,148,163,181,191,80,72,130,BACK-ARC_BASIN
101,230,148,91,105,163,126,49,50,14,153,97,196,113,203,130,159,74,94,130,138,122,109,104,75,89,48,62,55,92,72,94,94,74,113,123,BACK-ARC_BASIN
169,56,200,172,125,67,229,140,195,94,44,166,136,102,58,63,75,216,149,72,83,111,62,100,107,107,90,121,138,149,184,190,217,125,86,151,BACK-ARC_BASIN
38,131,224,161,163,122,154,19,228,51,141,38,161,65,164,120,184,65,45,99,124,107,83,90,63,59,58,71,77,112,108,112,130,74,75,122,BACK-ARC_BASIN
183,159,199,91,40,28,181,114,195,130,16,69,178,192,217,23,82,111,110,47,43,55,37,85,79,111,91,114,102,127,122,163,122,104,37,18,BACK-ARC_BASIN
125,158,235,118,52,5,227,85,5,6,3,34,191,124,138,23,77,107,120,17,48,111,61,68,69,76,77,78,106,123,147,134,184,89,73,137,BACK-ARC_BASIN
134,117,96,201,123,84,100,133,128,129,138,120,196,226,181,93,73,188,139,122,89,82,73,91,96,76,77,84,120,132,146,152,159,107,98,135,BACK-ARC_BASIN
242,135,186,210,125,81,132,125,128,31,104,84,143,75,138,101,100,152,146,118,93,90,75,95,98,79,78,91,113,127,134,143,166,120,96,139,BACK-ARC_BASIN
176,151,203,79,58,122,205,98,90,4,134,7,207,68,118,107,134,98,124,137,106,79,73,84,75,72,70,73,105,120,127,118,135,104,91,131,BACK-ARC_BASIN
71,228,154,199,15,13,222,65,90,37,71,98,203,77,191,86,53,86,68,76,67,49,65,74,64,56,68,71,101,125,131,133,165,85,89,162,BACK-ARC_BASIN
81,155,129,164,59,21,221,75,120,86,77,115,178,83,140,81,49,125,88,83,67,57,67,78,68,61,72,72,104,131,136,141,167,90,94,162,BACK-ARC_BASIN
96,87,25,188,61,13,133,122,215,211,9,235,55,226,67,14,7,171,79,29,29,43,61,68,89,80,89,107,137,167,178,205,222,76,64,145,BACK-ARC_BASIN
74,132,52,213,105,8,183,107,167,222,91,163,137,111,217,91,36,168,100,96,73,65,72,84,79,67,76,85,117,137,149,163,181,97,93,154,BACK-ARC_BASIN
148,211,203,148,40,63,118,82,53,95,108,43,206,143,236,72,55,159,101,117,80,64,63,79,82,70,75,85,115,126,144,149,172,95,92,128,BACK-ARC_BASIN
154,182,144,172,105,74,87,87,54,44,44,109,130,103,54,79,109,182,113,72,53,94,55,78,86,80,85,93,127,146,160,159,178,92,71,155,BACK-ARC_BASIN
84,141,210,172,105,146,242,25,48,1,147,64,149,85,124,151,163,46,80,131,148,137,113,106,57,50,38,39,22,57,21,29,45,55,115,128,BACK-ARC_BASIN
65,180,71,124,15,17,235,47,128,109,9,167,71,197,112,23,9,92,33,15,25,29,60,48,53,46,61,80,95,127,146,170,196,55,51,137,BACK-ARC_BASIN
164,60,176,189,94,123,133,108,208,121,128,229,2,31,10,126,82,198,69,16,49,55,47,60,92,106,125,139,166,186,228,230,215,62,12,67,BACK-ARC_BASIN
198,103,201,202,95,101,149,110,78,24,92,72,172,48,127,73,113,196,146,123,99,104,103,109,119,123,119,140,155,172,189,207,215,132,103,61,BACK-ARC_BASIN
179,78,195,137,204,188,117,192,54,33,165,79,142,116,131,132,151,180,174,164,138,118,90,117,117,111,86,100,120,125,129,122,165,139,112,144,BACK-ARC_BASIN
160,160,196,164,151,173,152,82,49,38,145,105,159,114,115,168,143,33,117,105,168,157,128,109,42,28,27,20,31,35,58,90,88,89,67,192,BACK-ARC_BASIN
222,62,253,228,153,164,112,69,10,45,132,26,37,43,12,149,186,23,101,146,148,164,111,119,106,103,66,85,86,117,107,106,132,120,123,147,BACK-ARC_BASIN
92,166,156,149,40,104,212,138,90,69,105,54,190,80,171,101,87,164,125,114,86,72,72,87,80,67,67,78,116,127,139,134,148,104,96,138,BACK-ARC_BASIN
3,31,251,84,4,37,250,8,128,81,34,147,126,194,8,61,97,1,1,6,61,37,71,55,49,83,48,192,71,114,100,118,140,65,75,111,BACK-ARC_BASIN
144,156,134,184,61,59,186,134,54,81,34,57,170,114,196,26,41,182,126,32,30,35,35,60,79,86,84,105,131,156,160,155,199,72,45,136,BACK-ARC_BASIN
29,113,193,200,133,107,237,29,29,30,66,64,137,96,116,52,56,92,35,6,64,48,64,59,54,48,60,76,84,113,116,137,171,56,56,124,BACK-ARC_BASIN
209,28,126,253,133,155,52,140,195,160,154,204,13,146,17,105,71,235,130,87,108,107,83,111,115,113,102,125,142,157,197,199,231,130,94,150,BACK-ARC_BASIN
146,88,56,224,105,51,157,148,128,191,99,139,133,107,200,105,49,196,145,117,82,77,73,97,99,83,79,92,124,137,146,160,179,113,98,143,BACK-ARC_BASIN
148,140,149,135,72,117,226,79,3,22,105,92,155,145,118,56,88,121,93,72,14,56,40,51,64,69,75,72,104,131,132,140,171,76,47,143,BACK-ARC_BASIN
44,212,156,156,22,13,254,36,90,64,68,99,195,89,169,81,63,64,39,70,68,41,67,70,61,55,64,66,93,118,125,124,155,81,89,162,BACK-ARC_BASIN
233,135,196,143,104,97,124,104,116,25,44,65,208,169,190,30,150,126,114,77,59,90,54,81,57,71,54,37,75,88,85,55,55,91,31,10,BACK-ARC_BASIN
95,129,191,144,93,142,194,51,77,40,156,115,143,103,61,67,129,33,43,22,65,56,47,42,34,29,29,28,20,53,27,40,46,28,50,102,BACK-ARC_BASIN
91,169,99,146,40,17,213,143,128,136,44,141,194,124,147,30,19,228,113,39,14,38,47,70,88,78,126,142,208,194,241,239,241,102,60,104,BACK-ARC_BASIN
130,92,160,122,84,84,242,83,5,24,66,108,147,163,72,54,96,147,93,44,30,111,55,61,74,73,81,81,110,135,145,156,180,82,66,176,BACK-ARC_BASIN
64,175,67,172,40,28,192,130,167,149,66,162,177,93,158,56,10,200,81,61,42,47,65,69,77,57,72,87,127,143,161,170,174,93,86,144,BACK-ARC_BASIN
32,251,91,151,47,31,198,29,75,45,5,110,183,202,153,3,18,70,15,6,3,4,3,4,9,11,13,18,26,35,44,77,79,9,4,4,BACK-ARC_BASIN
185,79,182,167,145,180,135,125,112,55,199,175,32,5,41,177,138,147,114,151,131,134,119,117,116,104,95,100,107,112,111,163,162,109,134,125,BACK-ARC_BASIN
101,132,169,228,125,154,196,55,253,43,141,118,147,87,139,111,109,112,89,113,105,90,77,91,76,70,74,99,99,132,128,133,214,91,92,138,BACK-ARC_BASIN
75,124,76,237,32,13,146,85,167,168,66,238,48,93,54,37,7,170,65,61,51,49,65,74,76,61,76,90,125,152,161,184,198,88,84,155,BACK-ARC_BASIN
167,60,133,251,72,101,105,92,128,87,79,36,207,146,185,81,72,166,127,138,91,89,60,87,102,101,106,118,154,191,181,196,185,124,116,87,BACK-ARC_BASIN
99,126,180,250,52,81,208,76,54,29,66,99,98,79,63,65,72,107,87,44,34,35,47,56,60,64,76,78,103,124,136,150,177,70,59,148,BACK-ARC_BASIN
176,159,169,143,72,13,179,110,90,30,85,76,170,83,149,81,69,139,128,102,77,66,69,83,86,76,77,79,112,127,141,138,162,100,93,151,BACK-ARC_BASIN
26,184,114,203,27,28,223,52,88,66,73,120,187,76,153,86,41,83,50,74,70,45,67,72,62,51,65,69,100,120,122,135,159,82,90,162,BACK-ARC_BASIN
222,97,164,208,140,157,98,138,54,65,44,123,149,173,196,72,93,242,158,173,118,121,79,118,121,118,100,128,143,154,209,190,227,132,147,135,BACK-ARC_BASIN
146,154,153,159,116,107,168,148,54,80,144,91,198,75,162,111,84,147,158,171,138,125,115,123,104,95,145,150,177,186,234,218,215,143,157,116,BACK-ARC_BASIN
109,181,103,133,32,13,216,95,167,101,39,44,196,57,181,18,4,134,51,13,39,69,39,37,57,118,108,113,135,29,237,153,197,58,41,88,BACK-ARC_BASIN
197,219,204,133,32,3,187,65,10,19,95,21,188,169,213,1,55,121,91,57,50,46,59,64,68,64,72,79,107,123,137,133,179,89,85,139,BACK-ARC_BASIN
152,114,182,100,113,88,231,133,54,67,158,70,152,108,69,91,64,164,140,110,91,83,74,91,92,70,72,86,114,130,133,139,159,105,100,137,BACK-ARC_BASIN
103,76,215,128,105,128,204,44,128,63,139,151,43,93,39,65,145,53,45,54,95,85,75,78,59,63,60,71,81,111,108,116,141,69,75,127,BACK-ARC_BASIN
154,69,50,120,147,63,115,185,90,247,122,120,128,130,166,106,69,202,162,139,101,83,80,105,111,94,84,103,129,137,143,152,187,130,106,151,BACK-ARC_BASIN
185,62,112,234,133,81,124,153,128,131,113,121,139,136,113,109,79,196,153,130,93,86,76,101,106,88,80,92,120,135,134,147,161,117,101,147,BACK-ARC_BASIN
248,4,253,71,153,163,10,177,195,192,158,212,45,200,6,80,93,242,179,72,118,113,95,120,133,126,109,149,144,160,222,200,235,164,113,145,BACK-ARC_BASIN
2,231,117,239,2,23,252,1,10,30,21,36,226,221,209,18,13,1,2,4,26,26,61,45,47,71,46,221,71,111,106,113,168,49,51,136,BACK-ARC_BASIN
43,2,254,250,22,101,195,7,29,57,75,118,69,71,8,115,108,11,7,17,92,50,78,64,52,56,50,61,72,116,99,110,135,65,77,128,BACK-ARC_BASIN
146,107,91,237,125,146,93,128,29,120,147,83,152,87,191,111,89,181,140,161,120,119,109,119,134,132,130,144,169,205,197,200,188,139,146,105,BACK-ARC_BASIN
173,186,119,73,95,51,163,169,195,110,102,130,163,141,173,97,66,176,150,130,87,72,76,97,99,85,80,95,118,129,140,137,157,117,100,142,BACK-ARC_BASIN
183,22,135,225,105,147,44,119,115,111,124,131,117,33,77,149,143,192,144,132,123,118,114,124,135,144,127,148,171,173,225,227,214,137,121,116,BACK-ARC_BASIN
154,112,166,165,158,59,166,148,90,83,44,139,156,175,60,108,73,239,182,146,133,137,109,123,127,125,103,134,142,153,197,198,230,151,139,176,BACK-ARC_BASIN
252,3,232,85,153,172,12,183,215,215,132,219,47,186,7,76,97,246,179,119,120,114,93,120,134,129,109,153,145,162,209,201,235,167,117,147,BACK-ARC_BASIN
105,211,182,100,72,63,183,103,195,127,89,126,182,215,227,68,72,102,84,96,70,64,51,62,67,75,84,85,94,97,134,161,120,67,57,62,BACK-ARC_BASIN
154,156,138,228,61,77,112,90,29,34,42,30,198,105,210,76,68,153,123,136,91,86,59,81,97,82,97,105,142,172,169,182,169,116,114,85,BACK-ARC_BASIN
94,170,198,246,105,155,101,36,54,25,143,112,145,85,176,131,160,56,63,91,104,88,42,41,34,36,23,20,18,23,23,46,47,31,47,83,BACK-ARC_BASIN
54,60,101,66,52,135,233,82,54,101,148,159,218,224,184,68,56,133,75,139,81,74,43,51,47,40,54,88,94,117,124,166,185,56,121,69,BACK-ARC_BASIN
142,131,164,62,105,101,217,149,167,120,117,115,161,186,147,95,92,166,144,121,87,81,75,97,94,83,78,86,113,126,145,139,153,111,102,136,BACK-ARC_BASIN
84,156,119,204,32,41,205,60,54,63,21,154,111,104,121,18,39,53,49,13,32,33,57,55,55,48,67,79,91,129,136,159,192,58,56,134,BACK-ARC_BASIN
159,137,235,142,125,51,233,70,54,28,66,50,139,168,100,50,83,159,89,72,20,25,22,32,52,44,59,122,89,98,116,119,245,47,10,9,BACK-ARC_BASIN
25,171,77,200,40,28,228,153,54,130,78,130,184,121,193,92,39,176,94,98,68,52,69,88,81,63,71,86,115,133,134,145,169,105,98,163,BACK-ARC_BASIN
55,151,66,179,52,54,180,62,128,129,34,189,152,201,160,36,23,92,45,29,14,14,25,27,30,32,42,58,97,89,148,198,215,15,38,213,BACK-ARC_BASIN
144,91,155,142,95,126,174,92,10,28,132,118,147,100,53,50,100,159,97,17,107,132,77,92,89,80,84,86,114,136,141,152,189,86,82,137,BACK-ARC_BASIN
121,127,176,142,84,17,217,111,54,36,37,86,169,119,149,30,77,171,120,17,14,69,41,57,78,84,84,94,125,144,163,161,201,79,45,147,BACK-ARC_BASIN
179,63,93,139,133,122,152,185,228,182,129,166,125,115,133,107,91,206,162,139,102,92,81,103,111,93,85,103,124,136,142,145,180,127,105,143,BACK-ARC_BASIN
174,100,166,160,101,106,177,122,83,31,102,78,101,35,107,94,91,174,128,144,100,101,87,93,106,106,97,118,142,154,168,185,185,120,123,76,BACK-ARC_BASIN
180,113,173,154,137,170,145,120,112,61,174,220,108,90,112,161,157,165,106,141,134,136,125,121,120,113,107,114,134,139,155,189,199,107,116,115,BACK-ARC_BASIN
148,52,182,207,84,81,169,97,90,51,63,43,195,71,129,76,92,182,139,144,101,104,90,104,122,118,118,132,166,213,208,213,204,128,123,81,BACK-ARC_BASIN
142,64,19,153,140,67,123,188,29,247,124,117,128,148,168,107,69,200,161,141,98,84,80,104,109,96,84,104,129,143,147,155,188,129,106,155,BACK-ARC_BASIN
127,66,23,156,140,67,127,185,167,248,110,162,119,148,170,107,63,205,159,137,97,81,80,103,108,94,84,103,129,142,147,160,183,129,105,150,BACK-ARC_BASIN
200,164,191,201,133,117,149,101,54,32,105,80,174,167,78,86,103,159,135,72,133,119,109,97,94,109,105,117,129,145,181,189,181,122,165,235,BACK-ARC_BASIN
12,163,184,160,61,88,236,79,90,64,86,110,105,139,93,75,54,78,25,17,35,35,47,47,51,47,57,71,86,120,118,136,174,49,44,133,BACK-ARC_BASIN
173,140,167,131,82,93,178,117,75,53,120,61,151,124,220,20,58,182,115,72,76,45,49,70,106,120,109,144,152,179,203,222,220,95,47,26,BACK-ARC_BASIN
69,188,158,47,52,37,244,122,228,135,56,103,200,197,181,39,157,112,44,54,43,56,43,65,37,37,34,47,34,35,76,77,27,31,40,19,BACK-ARC_BASIN
207,104,177,192,102,97,159,118,73,22,116,88,120,37,107,104,71,171,132,105,36,52,56,76,131,123,117,159,144,167,204,216,220,138,23,48,BACK-ARC_BASIN
161,85,182,207,61,107,147,93,29,16,102,25,178,102,155,53,92,132,100,128,65,68,46,60,82,85,79,94,130,157,134,156,121,89,107,62,BACK-ARC_BASIN
157,114,72,215,147,54,203,120,215,167,115,162,145,114,176,101,53,181,137,119,95,78,74,98,94,73,79,92,122,137,143,158,172,108,102,148,BACK-ARC_BASIN
142,79,189,255,131,163,156,79,47,15,150,42,218,47,235,130,154,65,94,127,140,123,109,100,61,48,39,40,33,33,42,68,79,66,101,113,BACK-ARC_BASIN
64,100,216,122,4,67,246,77,29,18,86,32,192,39,134,14,32,107,56,9,6,22,32,19,29,24,44,58,69,119,141,110,167,43,44,94,BACK-ARC_BASIN
43,172,163,233,22,84,242,3,17,15,66,52,163,80,160,73,76,6,7,6,61,31,64,53,47,48,48,59,72,104,99,105,139,51,52,128,BACK-ARC_BASIN
151,120,180,157,82,103,187,93,76,20,94,67,108,24,125,88,64,128,87,110,67,68,47,46,53,45,43,61,82,89,98,129,133,71,77,69,BACK-ARC_BASIN
92,171,96,89,40,13,221,137,167,141,44,146,193,124,155,46,18,228,79,32,23,36,44,42,80,95,134,146,208,192,243,235,242,90,50,100,BACK-ARC_BASIN
170,126,193,153,90,106,187,93,73,27,63,31,174,48,162,50,140,129,72,44,41,51,34,54,71,101,64,114,131,139,177,175,151,80,20,15,BACK-ARC_BASIN
113,61,95,250,61,95,144,67,128,130,57,203,37,118,58,67,78,92,53,25,59,59,64,68,68,60,71,79,102,127,139,169,188,66,55,140,BACK-ARC_BASIN
99,172,86,105,116,112,183,146,10,112,66,87,148,129,199,58,80,223,149,99,53,132,96,113,128,139,112,148,144,162,208,188,231,153,75,61,BACK-ARC_BASIN
103,139,57,149,95,81,155,168,167,168,114,152,93,124,98,73,58,216,101,113,70,80,82,124,122,130,119,150,195,178,224,215,223,122,89,112,BACK-ARC_BASIN
187,61,88,128,125,122,146,181,215,185,81,166,150,115,110,93,91,103,152,164,106,115,103,125,129,98,115,110,132,122,102,112,185,122,138,44,BACK-ARC_BASIN
65,115,218,60,84,92,238,63,90,62,99,181,1,154,54,46,129,42,49,42,67,64,74,68,57,54,93,84,81,126,110,133,161,67,73,129,BACK-ARC_BASIN
10,204,153,237,15,32,236,12,29,32,69,162,229,39,160,93,42,69,35,71,55,42,65,66,60,51,62,66,97,116,123,138,160,81,80,148,BACK-ARC_BASIN
150,163,196,70,59,37,140,130,54,84,120,201,174,152,134,64,57,151,125,104,84,64,67,85,92,73,74,83,119,134,159,148,168,101,95,136,BACK-ARC_BASIN
169,81,148,222,133,84,128,156,228,112,111,149,142,124,140,106,85,187,153,128,92,87,76,100,103,90,82,94,118,137,139,143,160,117,102,142,BACK-ARC_BASIN
193,92,205,244,125,146,110,98,50,3,145,55,127,19,206,121,139,159,131,144,137,132,120,117,121,101,118,122,131,127,145,179,185,122,125,119,BACK-ARC_BASIN
157,69,155,241,95,74,161,104,90,54,43,47,187,75,129,83,91,193,146,146,110,109,102,112,127,123,123,140,172,219,216,218,207,131,126,85,BACK-ARC_BASIN
170,81,155,196,105,67,143,135,195,92,101,131,150,90,114,108,79,169,144,117,84,84,71,93,98,80,79,85,116,133,137,143,158,106,97,139,BACK-ARC_BASIN
166,152,160,149,84,92,183,101,3,23,66,82,139,142,127,61,99,107,103,75,83,82,61,74,77,79,75,73,108,126,133,145,153,89,86,176,BACK-ARC_BASIN
83,100,199,214,61,112,215,47,47,10,105,61,151,20,107,103,115,83,43,56,51,39,32,31,33,29,30,35,49,43,70,81,88,32,38,62,BACK-ARC_BASIN
220,88,148,167,113,114,126,138,162,140,104,144,10,73,76,99,147,155,135,87,60,89,78,99,123,146,118,172,132,155,160,195,162,135,26,20,BACK-ARC_BASIN
48,231,148,205,84,140,144,31,54,40,128,117,233,139,218,118,155,33,44,61,77,62,31,34,22,27,15,14,12,16,18,29,27,21,35,68,BACK-ARC_BASIN
80,197,199,68,84,95,237,127,90,56,114,47,154,83,169,90,119,111,134,133,100,94,92,106,94,78,95,91,81,84,88,95,94,124,123,78,BACK-ARC_BASIN
206,122,165,150,101,100,151,122,78,59,86,88,222,158,186,79,94,207,134,87,69,101,82,76,134,137,124,148,146,168,212,229,210,115,35,32,BACK-ARC_BASIN
113,142,192,128,133,84,192,107,90,37,44,87,180,130,151,100,72,202,151,135,107,103,72,98,101,102,84,110,133,141,176,178,173,119,110,130,BACK-ARC_BASIN
58,80,112,230,27,53,160,53,128,123,53,150,33,79,52,47,24,99,35,23,13,15,15,18,19,20,31,37,53,71,87,129,133,25,16,16,BACK-ARC_BASIN
150,116,171,142,84,51,210,117,17,44,21,69,169,207,166,42,78,210,126,99,83,82,56,81,94,97,85,105,134,149,193,180,198,99,84,176,BACK-ARC_BASIN
58,226,225,73,2,3,231,23,54,60,78,60,211,120,198,89,65,56,46,71,76,42,66,72,59,54,64,67,93,119,124,127,153,84,91,148,BACK-ARC_BASIN
125,173,57,217,1,23,189,133,215,128,77,149,171,111,211,92,33,176,115,102,72,57,68,87,85,65,74,87,123,137,143,157,170,103,95,157,BACK-ARC_BASIN
209,147,160,165,84,124,121,88,10,28,105,85,143,135,84,34,67,42,113,99,14,82,46,57,76,85,62,61,101,120,121,131,148,89,48,28,BACK-ARC_BASIN
83,106,57,245,116,23,183,90,17,201,96,126,137,113,204,91,46,144,103,106,78,72,71,86,79,69,76,85,113,136,144,158,180,99,95,158,BACK-ARC_BASIN
182,35,211,135,105,84,154,120,128,106,55,51,120,170,172,51,99,196,143,136,77,98,82,104,127,125,114,144,173,219,210,220,209,134,114,59,BACK-ARC_BASIN
146,45,204,122,105,101,176,90,90,40,85,24,198,128,181,45,96,102,84,125,55,52,37,45,61,68,51,61,91,112,93,98,85,69,101,58,BACK-ARC_BASIN
130,119,90,173,58,36,188,91,86,90,15,178,133,232,125,11,5,171,55,22,14,20,20,32,55,47,98,118,165,184,230,236,231,48,12,12,BACK-ARC_BASIN
161,156,214,225,125,92,205,60,29,4,79,38,181,13,192,54,100,104,74,92,57,50,38,43,42,45,48,40,77,89,92,81,76,52,36,34,BACK-ARC_BASIN
219,37,200,223,163,164,61,114,167,125,183,167,12,21,13,138,161,151,95,99,147,147,137,136,131,132,110,114,106,117,134,161,162,67,74,124,BACK-ARC_BASIN
127,49,131,31,61,84,240,98,29,84,102,91,185,215,180,4,68,164,111,30,34,48,35,50,60,98,99,122,143,160,199,192,175,79,30,12,BACK-ARC_BASIN
140,178,131,132,68,66,181,88,73,44,21,117,215,163,222,44,32,121,67,44,28,27,27,26,45,71,65,105,105,124,151,191,162,57,28,26,BACK-ARC_BASIN
123,143,179,159,103,120,182,107,51,22,44,78,201,112,170,124,104,114,102,119,114,115,84,59,50,47,48,39,64,71,75,32,30,49,83,116,BACK-ARC_BASIN
84,131,155,201,15,5,221,83,90,75,72,214,211,68,105,71,18,137,73,77,49,52,62,71,70,58,66,82,112,142,154,158,181,89,85,154,BACK-ARC_BASIN
180,121,161,148,82,62,187,115,52,43,27,88,190,133,136,14,74,182,116,41,40,56,54,78,100,111,111,129,148,166,181,199,205,108,33,17,BACK-ARC_BASIN
96,149,234,140,52,2,232,87,5,5,21,29,198,118,162,28,75,107,111,17,33,56,48,60,64,71,75,71,104,124,146,136,182,77,59,142,BACK-ARC_BASIN
103,152,68,229,39,8,209,94,194,140,13,157,89,111,93,7,8,179,56,15,9,15,18,25,40,45,96,117,142,171,186,208,213,49,12,9,BACK-ARC_BASIN
200,157,216,212,105,71,122,98,29,12,60,32,180,48,223,28,94,159,120,17,92,68,56,76,84,90,88,90,119,135,143,145,173,96,40,26,BACK-ARC_BASIN
86,100,10,241,116,5,161,133,239,244,101,189,135,148,217,97,36,192,123,114,84,75,73,92,97,74,82,93,126,149,154,165,188,106,96,153,BACK-ARC_BASIN
189,51,204,120,84,151,196,110,29,35,132,96,167,121,158,46,76,181,115,105,84,89,65,88,87,83,74,87,114,130,136,135,152,106,100,134,BACK-ARC_BASIN
180,98,68,101,125,54,170,180,239,209,101,168,132,130,192,102,60,201,154,134,93,79,78,100,107,89,86,103,126,142,145,157,178,126,104,143,BACK-ARC_BASIN
98,208,57,122,116,130,156,130,10,127,105,80,181,160,223,80,75,210,139,119,53,82,55,88,100,96,87,110,138,145,190,176,192,107,77,140,BACK-ARC_BASIN
65,64,134,255,22,77,142,67,167,117,111,149,142,91,111,104,70,114,64,95,75,63,67,79,71,60,70,75,103,136,132,146,161,89,91,148,BACK-ARC_BASIN
128,40,210,58,40,168,166,83,3,48,146,53,222,182,102,39,49,129,62,28,124,24,54,75,82,71,99,122,124,134,134,144,122,45,20,26,BACK-ARC_BASIN
54,154,183,137,40,98,251,33,54,29,129,97,181,93,126,72,78,59,39,57,39,41,32,40,44,44,56,57,94,105,114,117,132,22,32,36,BACK-ARC_BASIN
170,103,34,232,61,54,130,128,215,189,58,78,68,164,39,40,30,134,95,88,41,42,33,44,66,71,107,159,153,194,212,210,234,41,97,93,BACK-ARC_BASIN
138,206,193,233,133,142,180,56,17,4,136,53,193,32,176,127,148,53,77,127,120,108,84,79,52,44,36,35,26,27,32,36,27,47,101,100,BACK-ARC_BASIN
169,217,164,87,22,32,220,92,90,38,83,74,192,115,193,82,73,91,101,94,72,55,65,80,76,66,71,72,107,122,134,132,152,97,93,148,BACK-ARC_BASIN
105,226,155,70,8,63,151,77,54,29,66,59,195,169,217,54,85,121,89,17,14,69,39,49,59,61,72,65,101,119,143,131,176,69,41,139,BACK-ARC_BASIN
193,154,133,172,125,81,118,170,2,88,66,133,141,181,103,87,90,239,164,146,123,119,100,116,123,119,102,128,143,156,194,192,229,142,137,176,BACK-ARC_BASIN
197,201,179,124,95,17,209,125,54,47,104,69,169,108,152,87,71,130,138,110,82,72,71,88,89,76,77,81,114,124,136,132,157,103,94,155,BACK-ARC_BASIN
193,145,203,214,175,154,124,163,5,12,158,67,150,100,139,117,121,167,161,145,120,105,84,105,106,93,81,92,114,125,130,122,153,122,104,140,BACK-ARC_BASIN
194,48,47,177,116,109,117,190,246,229,119,174,115,154,168,109,81,207,160,137,96,89,82,102,112,94,86,108,130,143,149,158,192,129,103,148,BACK-ARC_BASIN
176,166,168,160,40,28,222,119,54,34,84,77,176,80,145,83,64,140,128,104,73,59,67,85,83,69,74,79,114,130,135,136,158,100,96,158,BACK-ARC_BASIN
134,104,120,100,84,115,254,76,5,53,132,77,174,205,162,90,86,147,93,99,14,69,46,56,71,73,77,76,108,133,144,143,178,80,62,176,BACK-ARC_BASIN
233,72,167,205,140,109,109,156,90,42,76,101,127,32,103,75,106,228,175,138,113,116,117,124,146,135,152,175,190,222,233,232,236,153,113,69,BACK-ARC_BASIN
155,176,181,160,52,28,205,109,17,46,84,64,172,80,148,80,66,120,123,97,77,62,65,82,80,72,75,74,111,126,135,131,159,97,94,156,BACK-ARC_BASIN
189,67,188,127,182,192,130,200,10,51,170,73,137,114,114,125,144,179,173,161,128,116,90,114,118,105,85,100,121,126,129,123,165,135,111,146,BACK-ARC_BASIN
187,46,211,128,95,98,154,100,90,41,99,35,174,76,146,59,90,142,100,128,62,71,46,62,84,92,65,100,135,166,141,161,119,91,101,74,BACK-ARC_BASIN
162,44,200,111,95,130,209,107,54,75,178,139,29,226,32,90,101,153,124,94,103,95,79,94,86,83,78,81,108,126,133,145,161,98,99,147,BACK-ARC_BASIN
77,126,45,212,61,5,161,101,215,189,12,243,82,213,98,20,5,210,70,27,40,44,63,74,84,73,90,116,139,168,199,210,225,77,62,143,BACK-ARC_BASIN
136,128,199,185,123,146,185,56,73,26,84,64,82,21,90,122,144,92,63,103,135,129,117,101,57,32,31,26,21,22,30,36,39,46,64,149,BACK-ARC_BASIN
35,248,159,134,58,132,182,28,75,38,165,23,236,200,218,32,135,47,17,9,3,5,4,6,11,7,13,15,25,31,31,55,47,14,7,5,BACK-ARC_BASIN
170,30,102,235,140,147,86,119,215,162,145,173,120,132,106,117,100,181,142,131,106,100,78,100,99,83,80,92,117,133,135,149,168,113,101,143,BACK-ARC_BASIN
48,152,94,226,15,13,213,53,128,131,34,208,70,171,107,18,10,146,38,9,18,16,14,27,35,47,108,86,153,152,190,159,212,30,15,26,BACK-ARC_BASIN
41,107,39,201,105,8,183,101,167,217,90,171,132,134,216,90,37,151,83,94,72,63,71,81,78,67,73,84,115,136,142,162,180,93,93,155,BACK-ARC_BASIN
43,250,126,146,60,128,178,40,122,60,171,137,58,223,100,53,54,88,20,8,5,6,6,9,15,16,21,30,54,81,86,123,122,18,7,5,BACK-ARC_BASIN
80,204,167,165,8,5,179,41,90,37,80,103,220,39,206,95,64,85,72,83,72,51,64,69,65,58,64,66,102,118,138,131,155,89,80,148,BACK-ARC_BASIN
240,87,151,172,178,173,136,185,54,117,153,91,140,89,124,118,141,185,174,153,122,113,89,109,114,102,85,105,121,131,131,128,177,140,107,152,BACK-ARC_BASIN
165,58,175,186,101,123,133,110,190,139,134,207,2,10,5,126,86,206,68,17,57,62,49,69,96,105,132,148,165,205,219,230,235,64,23,54,BACK-ARC_BASIN
101,187,155,149,72,17,207,101,5,32,21,81,189,151,149,68,71,159,107,51,30,56,41,56,73,81,79,72,123,137,155,150,191,80,51,156,BACK-ARC_BASIN
109,210,173,102,40,41,200,80,54,34,36,24,226,68,181,56,50,121,85,37,114,119,107,70,143,154,68,74,77,26,202,192,122,198,95,95,BACK-ARC_BASIN
72,159,225,216,61,95,186,16,90,5,75,39,166,137,202,84,89,53,51,119,93,40,50,24,20,34,43,58,77,111,111,113,127,52,78,101,BACK-ARC_BASIN
212,109,183,253,125,95,153,122,195,21,66,114,130,76,174,78,95,159,133,99,89,92,87,112,115,106,99,99,124,136,142,172,174,108,62,47,BACK-ARC_BASIN
14,231,112,215,32,122,232,11,54,47,122,95,120,55,109,114,86,38,9,6,29,25,19,21,20,19,18,18,18,20,20,44,47,13,5,46,BACK-ARC_BASIN
105,212,136,184,52,109,105,70,29,40,141,98,220,48,229,140,157,145,161,116,127,119,70,79,77,89,45,57,63,72,97,105,100,80,46,103,BACK-ARC_BASIN
48,181,180,169,95,123,198,105,51,15,124,84,224,139,177,110,175,125,69,59,8,10,22,19,8,14,24,20,48,71,74,37,175,7,28,103,BACK-ARC_BASIN
196,116,178,229,105,71,154,116,82,61,109,55,176,91,223,95,100,92,118,118,95,86,71,90,90,79,69,88,109,121,129,140,143,106,101,131,BACK-ARC_BASIN
184,116,168,151,94,83,191,116,52,44,26,95,163,65,129,64,127,200,139,35,41,73,40,56,76,75,96,144,116,122,175,159,192,94,26,23,BACK-ARC_BASIN
24,9,253,237,22,88,222,4,54,59,62,132,74,74,12,110,102,8,6,6,84,39,71,57,49,53,49,61,70,111,100,112,144,52,52,124,BACK-ARC_BASIN
36,247,196,29,1,1,232,4,90,33,68,53,227,245,248,4,3,53,10,9,2,2,17,12,4,7,8,32,35,33,83,176,205,1,29,213,BACK-ARC_BASIN
4,231,105,254,22,88,211,4,54,29,128,143,251,124,201,83,62,18,5,29,70,36,75,58,50,54,48,55,74,105,101,111,129,61,71,132,BACK-ARC_BASIN
113,223,201,94,105,8,233,101,3,87,94,65,182,124,184,78,72,100,118,95,76,66,68,81,79,72,75,76,106,123,136,130,160,98,96,154,BACK-ARC_BASIN
80,111,82,232,61,23,185,82,212,164,35,230,49,158,61,22,10,200,61,38,17,20,20,30,40,42,97,126,155,183,210,224,231,58,28,18,BACK-ARC_BASIN
99,104,41,228,52,41,136,145,239,210,70,248,96,93,76,80,8,219,109,83,64,55,73,92,95,74,84,100,132,158,164,182,203,108,90,149,BACK-ARC_BASIN
74,76,113,212,59,45,119,98,193,188,84,161,131,120,180,97,49,154,96,94,74,64,66,84,81,66,75,81,109,138,143,152,174,94,94,148,BACK-ARC_BASIN
87,165,188,153,105,160,183,46,79,41,128,109,172,159,124,96,130,32,34,99,92,66,40,48,40,36,31,24,18,23,27,48,59,19,59,118,BACK-ARC_BASIN
107,144,104,111,2,109,90,168,167,129,69,155,117,164,127,77,64,191,125,110,82,74,75,93,97,76,75,96,123,131,151,160,179,115,95,137,BACK-ARC_BASIN
62,142,57,237,95,2,237,69,128,188,95,153,146,134,215,89,38,127,70,86,69,58,72,76,69,59,73,81,109,136,139,160,179,88,91,159,BACK-ARC_BASIN
183,87,131,118,163,74,136,193,167,131,77,212,181,228,215,56,57,242,181,99,14,21,62,99,166,133,117,146,148,165,196,208,238,147,80,134,BACK-ARC_BASIN
198,158,211,185,72,63,174,62,51,7,59,72,206,128,239,58,122,150,86,72,62,58,43,55,70,75,79,110,110,117,118,167,162,72,47,63,BACK-ARC_BASIN
41,95,164,250,30,41,170,41,126,71,79,120,154,66,127,93,66,84,47,76,78,49,66,76,67,58,67,70,95,124,124,138,156,84,89,140,BACK-ARC_BASIN
211,195,208,77,52,2,201,141,167,70,103,91,169,134,152,85,79,141,146,106,82,63,71,91,92,76,76,82,115,125,143,137,155,110,95,144,BACK-ARC_BASIN
166,104,211,233,95,130,166,90,74,20,119,66,155,61,133,88,111,141,110,94,63,86,56,73,72,71,106,104,115,137,148,173,162,93,80,97,BACK-ARC_BASIN
37,245,88,179,48,80,194,31,87,49,127,106,95,124,130,12,8,47,13,4,2,3,3,5,10,11,16,20,32,46,70,104,104,13,3,3,BACK-ARC_BASIN
224,107,95,227,167,77,181,166,167,144,125,143,137,104,146,106,91,196,159,135,101,92,83,105,107,90,82,102,122,135,138,150,168,127,101,147,BACK-ARC_BASIN
132,201,173,95,105,151,188,90,54,28,66,76,200,209,217,56,54,202,117,162,101,93,67,94,88,86,79,98,131,136,167,162,167,104,143,129,BACK-ARC_BASIN
92,136,228,255,61,107,163,39,17,2,119,54,157,76,139,111,103,88,84,123,102,74,70,83,68,67,70,72,96,124,125,128,151,91,90,134,BACK-ARC_BASIN
193,113,166,141,147,138,144,143,77,59,110,128,137,154,118,122,134,210,179,175,143,144,138,141,132,144,123,172,151,102,184,188,205,138,168,123,BACK-ARC_BASIN
152,61,190,195,91,117,141,94,214,107,130,245,5,22,11,117,79,182,63,17,46,48,40,50,64,58,111,121,144,172,194,215,222,56,14,49,BACK-ARC_BASIN
148,181,160,205,125,77,142,110,54,18,60,72,216,57,229,44,69,171,120,17,65,65,54,72,86,91,91,93,126,139,156,150,182,91,40,32,BACK-ARC_BASIN
210,74,201,246,116,130,148,85,90,13,130,73,144,70,113,107,107,127,119,122,103,93,76,90,88,79,79,82,103,126,130,134,153,103,92,134,BACK-ARC_BASIN
180,80,187,248,140,135,190,72,45,6,134,32,120,19,110,125,155,98,110,118,146,139,126,121,105,85,81,67,60,62,69,93,96,69,91,131,BACK-ARC_BASIN
186,166,193,194,125,135,142,98,29,24,105,82,178,86,110,94,100,147,142,119,123,111,89,100,97,96,79,90,119,123,137,139,150,111,117,119,BACK-ARC_BASIN
27,174,117,210,29,28,225,55,157,69,32,155,222,83,157,30,14,106,39,13,10,13,14,18,20,19,35,42,60,84,97,150,151,28,10,11,BACK-ARC_BASIN
59,130,35,195,32,8,185,83,195,170,9,217,61,244,87,33,5,159,56,25,10,12,25,28,39,38,52,103,137,176,202,218,228,19,31,176,BACK-ARC_BASIN
166,74,190,128,167,188,118,195,10,51,166,74,141,112,117,121,125,179,171,157,125,110,89,112,115,102,85,98,121,125,130,126,162,132,108,143,BACK-ARC_BASIN
161,135,88,161,140,104,186,165,90,122,120,112,127,80,110,50,95,201,146,98,79,89,74,100,94,82,76,96,125,138,134,153,160,117,102,146,BACK-ARC_BASIN
155,109,91,201,116,147,105,130,29,116,148,88,156,119,196,93,93,182,145,161,125,121,112,122,138,141,134,144,173,213,197,199,191,138,144,106,BACK-ARC_BASIN
187,109,184,170,125,153,147,115,52,18,168,98,159,31,61,136,127,116,131,143,142,142,121,99,96,85,66,49,91,84,93,93,79,85,133,118,BACK-ARC_BASIN
249,54,184,226,167,140,35,158,29,73,66,55,82,3,134,156,138,209,181,139,134,152,100,119,126,117,86,117,117,124,135,122,165,176,117,146,BACK-ARC_BASIN
99,148,50,149,40,28,189,154,167,164,44,155,141,124,100,36,27,210,108,58,37,50,62,82,85,75,76,93,130,139,163,176,191,109,89,146,BACK-ARC_BASIN
142,177,169,75,72,28,217,137,90,91,93,91,178,124,149,83,72,150,136,109,77,68,70,88,88,76,75,81,113,126,145,131,156,104,100,151,BACK-ARC_BASIN
136,126,155,149,61,95,224,98,10,22,105,55,200,118,189,52,78,159,111,17,107,111,63,80,82,78,80,80,118,140,150,151,183,88,79,137,BACK-ARC_BASIN
123,124,80,188,182,109,181,137,253,127,134,142,146,113,149,100,123,192,144,127,104,94,83,104,99,83,82,112,121,143,144,146,218,115,104,144,BACK-ARC_BASIN
86,145,99,149,40,17,217,145,128,124,44,143,195,124,145,73,19,200,108,67,45,53,63,77,82,65,74,88,125,138,162,168,179,104,89,148,BACK-ARC_BASIN
127,193,95,133,32,23,189,134,228,143,80,135,172,121,201,86,40,169,117,105,74,58,66,88,87,69,77,86,119,132,144,148,168,104,97,152,BACK-ARC_BASIN
91,120,204,239,105,176,139,47,10,11,141,42,105,90,118,101,125,121,105,135,108,100,73,90,72,74,66,78,97,116,120,121,140,97,109,135,BACK-ARC_BASIN
38,252,82,144,48,23,182,41,79,49,10,120,164,182,162,2,18,103,27,10,6,8,8,11,16,14,19,26,50,69,77,125,122,21,9,5,BACK-ARC_BASIN
237,127,106,108,147,124,115,144,54,97,44,106,130,149,162,44,78,232,172,168,114,115,79,120,122,117,100,128,143,152,197,182,230,144,147,138,BACK-ARC_BASIN
85,126,180,174,70,103,199,56,81,52,129,90,56,89,78,11,122,112,25,14,41,18,19,25,18,35,32,35,33,51,72,88,88,16,23,16,BACK-ARC_BASIN
121,139,191,222,72,54,201,76,77,17,43,67,177,68,93,45,28,57,55,122,48,46,33,38,27,26,31,39,36,61,75,92,74,34,126,26,BACK-ARC_BASIN
31,155,130,210,20,27,219,61,120,76,73,137,189,71,151,86,44,97,54,71,66,47,66,72,63,53,67,71,101,126,128,139,164,83,91,160,BACK-ARC_BASIN
150,123,179,159,95,98,116,79,116,49,128,202,135,134,105,79,125,65,45,29,63,52,49,51,50,61,42,54,47,88,66,81,92,38,56,107,BACK-ARC_BASIN
121,140,183,197,125,142,221,106,54,31,158,70,131,184,127,139,142,53,84,178,130,124,102,101,79,75,43,46,44,72,52,35,57,68,149,119,BACK-ARC_BASIN
121,136,205,146,72,98,177,63,42,7,104,78,181,101,210,87,89,107,120,114,89,79,71,83,73,75,70,84,102,120,131,136,144,97,96,123,BACK-ARC_BASIN
183,79,128,92,163,163,203,145,29,93,170,115,109,84,115,131,132,198,166,177,147,148,131,136,134,149,130,148,154,160,181,184,145,151,167,114,BACK-ARC_BASIN
20,248,142,42,8,1,200,41,167,69,129,91,240,221,248,26,5,202,38,38,40,39,69,56,59,53,61,88,110,140,162,173,181,66,73,136,BACK-ARC_BASIN
19,242,119,84,26,8,210,8,77,42,6,65,207,185,192,1,11,14,23,10,6,8,6,6,6,5,6,10,9,22,9,20,18,11,10,4,BACK-ARC_BASIN
109,139,60,172,140,81,155,168,167,168,105,163,86,68,93,86,58,223,99,124,68,80,80,112,119,130,125,152,164,177,237,221,231,124,100,116,BACK-ARC_BASIN
117,96,189,247,124,157,170,60,49,13,138,44,223,54,236,126,144,65,92,122,133,118,106,96,58,48,39,40,34,35,46,70,79,67,91,109,BACK-ARC_BASIN
191,48,187,194,125,119,172,130,128,90,120,182,5,66,23,82,115,182,145,44,100,111,83,105,110,100,90,114,132,144,161,178,187,115,82,155,BACK-ARC_BASIN
210,39,62,183,125,135,97,198,239,224,143,171,111,135,144,113,96,205,162,139,107,98,84,104,117,99,87,108,128,143,144,157,188,132,104,149,BACK-ARC_BASIN
210,109,117,171,91,87,149,125,77,41,115,121,125,90,120,87,26,190,126,110,33,50,56,74,133,128,126,187,152,178,207,221,238,139,16,50,BACK-ARC_BASIN
150,218,159,98,72,152,156,69,29,17,86,42,214,202,224,55,91,147,103,154,99,93,66,88,77,78,70,73,116,121,139,128,138,95,140,131,BACK-ARC_BASIN
161,102,158,231,95,74,155,113,79,21,101,88,164,76,160,90,80,147,122,115,86,81,69,91,94,84,76,92,121,133,142,149,171,104,95,128,BACK-ARC_BASIN
25,210,202,78,95,92,157,44,167,70,105,181,109,221,123,80,119,19,36,48,92,58,77,69,58,51,55,64,76,112,103,106,130,66,78,125,BACK-ARC_BASIN
121,154,63,188,8,13,190,93,128,178,76,142,161,107,226,82,34,141,98,93,69,54,65,80,76,64,72,83,117,135,146,159,178,97,93,157,BACK-ARC_BASIN
136,216,172,54,178,115,225,29,17,10,160,38,152,118,204,134,139,42,75,112,119,105,83,94,75,71,61,71,83,110,108,98,125,102,103,134,BACK-ARC_BASIN
89,214,205,62,84,28,229,120,54,91,41,68,153,112,193,33,84,107,86,51,29,31,33,40,48,50,74,74,87,100,92,115,115,65,39,25,BACK-ARC_BASIN
77,167,139,137,95,95,242,124,195,82,125,132,178,130,172,91,92,64,129,125,101,103,89,92,69,82,59,61,65,80,83,112,117,73,91,78,BACK-ARC_BASIN
232,71,200,206,171,147,59,170,54,63,86,44,99,4,95,129,134,207,190,72,132,142,110,125,137,154,97,143,122,125,136,131,173,217,125,137,BACK-ARC_BASIN
34,224,231,60,84,2,252,13,54,25,5,32,204,216,187,33,64,42,30,17,45,31,63,50,51,48,54,65,76,108,110,113,172,55,56,126,BACK-ARC_BASIN
42,179,158,155,32,92,232,9,17,17,57,64,160,106,187,67,121,9,9,17,61,34,69,56,48,48,50,59,71,106,100,99,131,52,55,130,BACK-ARC_BASIN
2,38,252,52,4,28,250,6,90,67,49,128,137,207,11,72,92,1,1,7,64,36,74,55,49,83,47,203,71,112,101,116,138,64,75,112,BACK-ARC_BASIN
3,158,162,204,15,59,247,13,128,66,96,6,111,5,56,115,71,21,14,38,68,37,73,60,54,48,56,64,86,118,117,135,166,72,71,130,BACK-ARC_BASIN
71,141,45,203,40,8,187,90,195,169,21,212,94,244,107,11,5,134,58,27,12,14,26,30,44,38,52,107,140,160,202,224,231,23,32,176,BACK-ARC_BASIN
62,191,156,158,52,67,233,44,54,34,99,82,224,102,172,60,47,112,58,42,33,39,33,39,44,48,102,65,104,118,88,94,128,24,39,75,BACK-ARC_BASIN
62,212,187,89,4,101,230,79,17,22,66,29,166,148,166,92,117,95,51,52,39,21,32,30,26,33,33,15,54,76,82,53,72,32,19,49,BACK-ARC_BASIN
173,72,193,108,198,186,124,190,3,29,174,72,141,119,116,120,149,178,173,161,137,114,89,115,113,110,86,99,120,125,128,119,165,139,114,145,BACK-ARC_BASIN
14,185,194,157,4,17,243,20,17,28,69,117,229,68,136,72,10,75,37,72,51,41,68,63,60,51,61,70,99,123,129,138,165,81,83,152,BACK-ARC_BASIN
155,58,166,135,153,115,208,140,54,85,105,112,120,124,95,44,87,228,149,99,53,126,103,118,131,152,112,148,145,163,217,193,230,148,93,119,BACK-ARC_BASIN
136,78,210,229,116,151,164,65,45,10,162,93,159,13,100,131,147,100,77,82,115,100,90,87,75,56,52,57,63,59,76,94,111,49,58,106,BACK-ARC_BASIN
216,2,5,232,213,63,10,223,253,235,164,181,3,57,8,130,9,221,180,146,130,135,101,111,125,119,96,137,137,164,166,190,240,155,129,159,BACK-ARC_BASIN
176,131,165,149,79,61,186,111,51,33,21,73,189,113,189,18,75,175,112,41,36,49,49,63,85,95,97,118,134,150,163,186,192,100,33,20,BACK-ARC_BASIN
75,147,105,182,175,107,174,173,246,110,130,139,155,113,155,102,105,196,140,134,103,93,85,105,102,83,83,100,116,136,142,138,170,126,105,148,BACK-ARC_BASIN
125,228,144,55,2,13,197,74,128,91,78,106,199,160,207,80,59,89,89,92,73,55,64,78,71,64,70,71,105,122,133,136,160,91,93,151,BACK-ARC_BASIN
236,95,183,175,111,103,140,120,86,48,118,130,21,80,68,99,101,154,125,70,44,50,52,71,121,109,104,100,126,145,160,189,220,112,20,58,BACK-ARC_BASIN
132,103,135,206,133,84,136,157,167,131,110,142,145,113,138,102,79,189,149,128,93,85,76,100,102,87,79,92,117,134,137,143,161,115,103,144,BACK-ARC_BASIN
155,201,184,186,61,130,160,44,29,56,118,146,196,213,202,145,130,78,47,47,71,59,39,41,34,33,31,30,29,31,40,59,59,36,34,87,BACK-ARC_BASIN
9,216,193,107,8,41,255,16,90,8,66,61,217,144,191,36,68,26,22,17,36,56,50,47,47,45,51,58,74,106,103,107,139,49,45,124,BACK-ARC_BASIN
54,184,172,148,116,144,197,49,54,52,148,101,135,65,103,118,136,82,68,66,108,84,77,83,63,56,62,70,85,105,112,113,137,68,69,139,BACK-ARC_BASIN
162,182,144,116,32,98,99,138,54,173,129,68,200,233,236,81,94,41,66,134,63,56,43,46,52,68,58,51,61,54,59,62,30,59,108,54,BACK-ARC_BASIN
187,100,145,163,105,80,164,156,155,123,39,151,69,28,151,34,54,229,152,43,56,80,90,110,134,137,150,172,203,233,238,239,238,144,38,25,BACK-ARC_BASIN
83,177,81,135,40,32,155,130,167,140,55,155,205,139,166,14,19,192,94,56,38,48,60,69,80,63,73,85,125,137,160,167,182,94,85,135,BACK-ARC_BASIN
132,119,211,143,52,59,227,97,29,11,66,40,183,101,177,44,77,121,117,17,33,21,43,56,62,72,73,77,106,125,140,136,173,76,61,135,BACK-ARC_BASIN
71,156,171,157,4,23,246,87,54,30,34,55,210,57,121,36,26,125,70,48,36,49,59,58,65,53,67,77,111,129,156,149,173,90,84,151,BACK-ARC_BASIN
201,172,145,126,61,37,179,103,54,46,21,46,182,80,195,42,88,141,80,42,46,62,41,70,100,125,98,136,155,176,208,199,183,104,20,19,BACK-ARC_BASIN
50,97,176,208,61,109,178,34,159,69,91,202,23,37,23,108,62,52,13,6,19,18,15,16,15,16,20,19,24,28,36,65,77,12,6,31,BACK-ARC_BASIN
89,169,200,108,84,95,249,36,48,5,62,32,168,51,100,79,125,40,56,89,45,38,30,31,29,29,18,20,21,19,23,36,33,32,66,47,BACK-ARC_BASIN
94,69,242,105,4,71,231,98,29,46,86,36,88,32,103,44,58,146,88,71,46,53,36,50,58,68,90,110,151,160,193,197,205,72,65,85,BACK-ARC_BASIN
183,181,138,79,95,46,167,171,167,111,104,127,164,145,171,96,70,166,150,130,87,73,76,97,101,87,79,94,118,128,136,134,157,121,99,140,BACK-ARC_BASIN
123,36,242,115,84,104,207,111,54,37,115,37,182,26,138,169,106,190,206,146,119,122,87,110,115,120,86,107,115,127,143,126,151,150,117,132,BACK-ARC_BASIN
2,61,250,82,4,37,250,6,128,65,25,128,131,180,12,70,94,1,1,6,57,32,68,52,47,80,46,199,69,109,100,114,157,52,52,109,BACK-ARC_BASIN
134,191,159,217,52,77,135,82,128,26,59,106,193,188,210,56,49,159,80,135,69,60,55,42,55,57,73,80,109,126,146,146,166,76,96,113,BACK-ARC_BASIN
161,117,117,82,147,77,123,185,128,154,123,124,142,145,152,99,87,197,164,139,102,80,81,105,108,91,83,98,122,132,140,143,168,127,106,142,BACK-ARC_BASIN
62,202,151,117,4,13,252,28,195,69,20,124,207,173,155,13,76,46,14,4,9,9,6,11,15,22,16,12,17,29,23,37,69,7,26,6,BACK-ARC_BASIN
49,219,117,138,13,3,244,47,163,80,76,120,205,115,191,81,42,88,47,70,68,42,67,71,63,51,64,68,98,121,124,136,158,82,91,158,BACK-ARC_BASIN
89,182,183,158,92,141,192,41,82,42,149,129,210,120,172,72,135,45,41,36,78,71,52,51,42,31,25,24,20,22,23,32,33,21,49,81,BACK-ARC_BASIN
33,212,145,122,15,37,250,23,90,45,105,175,230,93,138,55,134,48,35,66,44,38,26,25,21,18,18,24,25,33,55,83,69,9,34,49,BACK-ARC_BASIN
172,81,200,157,72,37,169,106,17,24,17,39,163,55,134,58,88,156,110,130,67,74,51,76,102,104,91,105,147,183,168,174,141,104,104,62,BACK-ARC_BASIN
176,104,118,140,94,97,174,142,111,90,111,119,136,66,131,54,40,216,126,101,68,82,82,103,128,134,120,196,178,160,236,224,231,116,107,55,BACK-ARC_BASIN
80,192,179,188,22,84,245,31,83,32,114,108,217,157,151,58,99,33,25,25,31,21,31,21,20,20,16,19,15,38,11,20,32,18,38,96,BACK-ARC_BASIN
170,131,207,190,116,109,167,74,29,7,112,57,154,64,131,97,101,113,110,112,96,86,73,86,79,73,78,78,103,124,130,129,150,97,94,135,BACK-ARC_BASIN
201,37,62,190,140,133,90,202,246,229,146,177,110,143,144,113,96,207,166,143,110,103,85,107,117,99,87,109,129,142,144,158,190,134,105,150,BACK-ARC_BASIN
68,187,153,44,61,41,245,119,128,146,91,104,170,193,205,88,77,133,97,96,74,60,71,82,78,61,71,79,108,126,142,137,166,95,98,142,BACK-ARC_BASIN
144,184,174,81,61,28,208,138,195,97,90,112,174,132,159,84,72,150,133,107,81,67,69,90,89,76,78,81,114,126,139,135,154,106,100,145,BACK-ARC_BASIN
13,222,144,202,13,23,243,17,42,15,69,96,223,78,186,90,52,60,37,66,68,39,66,69,59,53,63,65,93,119,119,126,152,81,86,162,BACK-ARC_BASIN
130,231,115,116,105,54,84,93,10,62,72,71,165,175,172,63,82,134,107,17,30,69,47,59,79,78,81,77,111,127,145,139,184,84,56,176,BACK-ARC_BASIN
187,115,164,149,90,66,190,118,49,56,13,106,138,118,136,6,98,166,133,34,39,52,41,66,99,128,116,136,143,150,180,142,238,88,20,12,BACK-ARC_BASIN
127,149,155,135,61,84,237,93,3,22,66,52,200,146,234,65,79,147,107,44,14,35,34,50,64,77,78,70,114,133,145,145,184,73,44,147,BACK-ARC_BASIN
199,91,189,252,40,67,127,110,167,21,98,106,146,97,136,105,84,145,127,108,82,68,66,89,91,73,78,81,110,132,136,144,155,101,91,136,BACK-ARC_BASIN
134,143,233,218,95,160,119,56,17,15,141,87,121,248,84,117,104,92,93,72,123,94,68,49,47,42,46,56,52,93,88,119,107,62,168,119,BACK-ARC_BASIN
223,210,190,120,116,155,93,67,54,96,144,75,205,213,211,148,142,65,91,72,79,69,46,49,43,52,32,32,30,31,44,56,69,67,53,98,BACK-ARC_BASIN
136,152,179,159,81,77,193,93,52,23,21,102,224,60,118,23,124,125,62,40,27,33,25,21,28,35,35,31,61,75,79,48,59,24,17,12,BACK-ARC_BASIN